﻿{
  "ProviderId": "Microsoft.OData.ConnectedService",
  "Version": "0.12.1.0",
  "GettingStartedDocument": {
    "Uri": "http://odata.github.io/odata.net/"
  },
  "ExtendedData": {
    "EnableNamingAlias": true,
    "IgnoreUnexpectedElementsAndAttributes": true,
    "IncludeT4File": false,
    "ExcludedOperationImports": [],
    "ExcludedBoundOperations": [],
    "ServiceName": "AirVinylService",
    "Endpoint": "https://localhost:5001/odata/$metadata",
    "EdmxVersion": {
      "Major": 4,
      "Minor": 0,
      "Build": 0,
      "Revision": 0,
      "MajorRevision": 0,
      "MinorRevision": 0
    },
    "GeneratedFileNamePrefix": "Reference",
    "UseNamespacePrefix": false,
    "NamespacePrefix": null,
    "UseDataServiceCollection": true,
    "MakeTypesInternal": false,
    "OpenGeneratedFilesInIDE": false,
    "GenerateMultipleFiles": false,
    "CustomHttpHeaders": null,
    "IncludeWebProxy": false,
    "WebProxyHost": null,
    "IncludeWebProxyNetworkCredentials": false,
    "WebProxyNetworkCredentialsUsername": null,
    "WebProxyNetworkCredentialsPassword": null,
    "WebProxyNetworkCredentialsDomain": null,
    "IncludeCustomHeaders": false,
    "ExcludedSchemaTypes": []
  }
}